{"cameraMode":{"drawMode":0,"name":"Shaded","section":"Shading Mode"},"sceneLighting":false,"audioPlay":false,"sceneViewState":{"m_AlwaysRefresh":false,"showFog":true,"showSkybox":false,"showFlares":true,"showImageEffects":true,"showParticleSystems":true,"showVisualEffectGraphs":true,"m_FxEnabled":true},"in2DMode":false,"pivot":{"x":0.08177562057971955,"y":1.3594396114349366,"z":7.399630546569824},"rotation":{"x":-0.45752909779548647,"y":-0.0010722585720941425,"z":0.000546095659956336,"w":-0.8892042636871338},"size":1.93727707862854,"orthographic":false}